0,1,2,3,4,5,6,7,8,9,10,11,12,13,14,15,16,17,18,19,20,21,22,23,24,25,26,27,28,29,30,31,32,33,34,35,36,37,38,39,40,41,42,43,44,45,46,47,48,49,50,51,52,53,54,55,56,57,58,59,60,61,62,63,64,65,66,67,68,69,70,71,72,73,74,75,76,77,78,79,80,81,82,83,84,85,86,87,88,89,90,91,92,93,94,95,96,97,98,99,100,101,102,103,104,105,106,107,108,109,110,111,112,113,114,115,116,117,118,119,120,121,122,123,124,125,126,127,128,129,130,131,132,133,134,135,136,137,138,139,140,141,142,143,144,145,146,147,148,149,150,151,152,153,154,155,156,157,158,159,160,161,162,163,164,165,166,167,168,169,170,171,172,173,174
1291,1432,1569,1734,1932,2176,2440,2793,3175,3632,4235,4909,5708,6672,7798,7908,8039,8164,8288,8416,8533,8640,8717,8781,8842,8900,9069,9179,9266,9359,9421,9488,9541,9591,9639,9684,9716,9741,9773,9792,9812,9838,9857,9873,9888,9897,9910,9917,9925,9934,9938,9941,9942,9945,9945,9947,9949,9951,9953,9955,9957,9958,9960,9960,9961,9963,9963,9964,9964,9965,9965,9965,9965,9965,9965,9966,9967,9967,9967,9967,9967,9967,9967,9967,9967,9967,9967,9967,9967,9967,9967,9967,9967,9967,9967,9967,9967,9967,9967,9967,9967,9967,9967,,,,,,,,,,,,,,,,,,,,,,,,,,,,,,,,,,,,,,,,,,,,,,,,,,,,,,,,,,,,,,,,,,,,,,,,
649,746,869,1012,1162,1363,1618,1898,2228,2598,3005,3515,4084,4813,5619,6509,7163,7913,8658,9475,10270,11042,11816,12567,13283,13972,14334,14691,15074,15411,15710,16003,16278,16503,16714,16880,17038,17172,17304,17404,17500,17584,17659,17718,17789,17843,17884,17926,17959,17985,18013,18046,18071,18093,18111,18120,18130,18144,18158,18165,18176,18179,18182,18187,18188,18190,18193,18196,18199,18200,18201,18202,18203,18203,18203,18203,18204,18204,18206,18206,18206,18207,18207,18208,18208,18208,18209,18209,18210,18210,18210,18210,18211,18211,18211,18211,18211,18211,18211,18211,18211,18211,18211,18211,18211,18211,18211,18211,18211,18211,18211,,,,,,,,,,,,,,,,,,,,,,,,,,,,,,,,,,,,,,,,,,,,,,,,,,,,,,,,,,,,,,,,
1049,1215,1372,1555,1747,1995,2305,2623,2978,3419,3909,4475,5092,5808,6672,7229,7819,8404,8974,9502,10001,10463,10820,11189,11518,11769,11944,12098,12242,12371,12493,12593,12689,12762,12841,12908,12965,13018,13056,13091,13126,13161,13188,13218,13234,13251,13269,13289,13300,13310,13325,13330,13336,13342,13345,13351,13355,13358,13361,13363,13364,13366,13368,13368,13370,13372,13374,13374,13376,13376,13376,13377,13379,13379,13379,13379,13379,13380,13380,13380,13380,13380,13380,13381,13381,13381,13381,13381,13381,13381,13381,13381,13381,13381,13381,13381,13381,13381,13381,13381,13381,13381,13381,13381,13381,13381,13381,13381,13381,13381,13381,13381,,,,,,,,,,,,,,,,,,,,,,,,,,,,,,,,,,,,,,,,,,,,,,,,,,,,,,,,,,,,,,,
980,1152,1329,1544,1774,2062,2392,2756,3176,3688,4222,4842,5521,6356,7367,8484,9240,10073,10841,11532,12185,12693,13132,13469,13725,13933,14046,14159,14264,14356,14418,14501,14566,14630,14687,14737,14776,14809,14841,14872,14914,14939,14960,14969,14983,14990,15005,15013,15020,15028,15034,15039,15045,15050,15052,15058,15062,15064,15068,15071,15074,15074,15075,15078,15080,15083,15087,15088,15090,15091,15091,15092,15092,15094,15094,15094,15094,15094,15094,15094,15094,15094,15094,15094,15094,15094,15094,15094,15094,15094,15094,15094,15094,15094,15094,15094,15094,15094,15094,15094,15094,15094,15094,15094,15094,15094,15094,15094,15094,15094,,,,,,,,,,,,,,,,,,,,,,,,,,,,,,,,,,,,,,,,,,,,,,,,,,,,,,,,,,,,,,,,,
496,578,666,763,874,1004,1155,1324,1523,1760,2009,2300,2658,3035,3519,3865,4248,4663,5068,5549,6059,6586,7170,7726,8359,8959,9561,10157,10710,11248,11750,12178,12562,12897,13216,13499,13750,13959,14145,14302,14455,14584,14719,14831,14944,15028,15114,15172,15228,15277,15317,15350,15385,15418,15444,15470,15491,15510,15529,15536,15547,15560,15570,15576,15583,15592,15597,15605,15609,15614,15618,15620,15621,15623,15626,15628,15631,15634,15636,15637,15640,15642,15643,15646,15646,15648,15651,15653,15653,15656,15657,15658,15658,15658,15658,15659,15659,15661,15661,15661,15661,15661,15661,15661,15662,15662,15662,15662,15662,15662,15662,15662,15662,15662,15662,15662,15662,15662,15662,15662,,,,,,,,,,,,,,,,,,,,,,,,,,,,,,,,,,,,,,,,,,,,,,,,,,,,,,,
678,776,872,983,1109,1268,1429,1599,1814,2032,2312,2623,2996,3418,3671,3938,4221,4536,4866,5192,5563,5931,6341,6731,7145,7584,8016,8427,8840,9209,9512,9790,10100,10339,10562,10715,10872,10993,11137,11251,11366,11464,11551,11619,11679,11739,11777,11825,11857,11895,11921,11948,11968,11984,12003,12020,12028,12043,12052,12059,12061,12065,12070,12075,12077,12079,12080,12085,12086,12086,12087,12089,12092,12095,12095,12095,12095,12097,12098,12099,12099,12099,12099,12099,12099,12099,12099,12099,12099,12099,12099,12099,12099,12099,12099,12099,12099,12099,12099,12099,12099,12099,12099,12099,12099,,,,,,,,,,,,,,,,,,,,,,,,,,,,,,,,,,,,,,,,,,,,,,,,,,,,,,,,,,,,,,,,,,,,,,
493,584,668,766,887,1026,1201,1369,1569,1801,2057,2398,2742,3136,3630,4052,4514,5028,5598,6202,6867,7563,8323,9148,10069,10979,11510,12021,12505,13006,13494,13906,14289,14638,14926,15176,15406,15586,15772,15904,16055,16183,16297,16395,16465,16535,16609,16667,16716,16749,16801,16825,16860,16877,16900,16923,16939,16957,16972,16984,16996,17006,17011,17020,17023,17030,17035,17040,17044,17047,17052,17054,17057,17059,17061,17063,17064,17064,17064,17064,17064,17065,17065,17065,17066,17066,17066,17066,17066,17066,17066,17066,17066,17066,17066,17066,17066,17066,17066,17066,17066,17066,17066,17066,17066,17066,17066,17066,17066,17066,17066,,,,,,,,,,,,,,,,,,,,,,,,,,,,,,,,,,,,,,,,,,,,,,,,,,,,,,,,,,,,,,,,
980,1135,1299,1504,1732,1997,2288,2579,2972,3409,3925,4496,5131,5864,6708,7260,7939,8582,9247,9877,10460,11031,11554,12041,12484,12861,13090,13297,13503,13683,13854,13981,14115,14241,14352,14428,14520,14582,14646,14702,14735,14785,14821,14859,14886,14909,14934,14951,14970,14990,15007,15019,15033,15047,15056,15065,15072,15077,15083,15093,15099,15104,15105,15105,15108,15111,15112,15114,15116,15117,15120,15122,15122,15124,15124,15125,15126,15128,15128,15128,15128,15129,15129,15129,15129,15129,15129,15129,15129,15129,15129,15129,15129,15129,15129,15129,15129,15129,15129,15129,15129,15129,15129,15129,15129,15129,,,,,,,,,,,,,,,,,,,,,,,,,,,,,,,,,,,,,,,,,,,,,,,,,,,,,,,,,,,,,,,,,,,,,
696,850,979,1169,1399,1666,1951,2306,2695,3122,3644,4222,4905,5702,6598,7604,7943,8322,8740,9079,9419,9748,10066,10376,10605,10810,11157,11436,11705,11940,12143,12313,12456,12573,12669,12789,12902,12978,13057,13139,13195,13240,13287,13324,13367,13405,13431,13452,13471,13490,13505,13525,13537,13558,13569,13577,13585,13591,13601,13610,13621,13625,13629,13637,13643,13645,13646,13648,13651,13651,13654,13657,13657,13659,13660,13661,13662,13662,13663,13664,13664,13665,13665,13666,13666,13666,13666,13666,13666,13666,13666,13666,13666,13666,13666,13666,13666,13666,13666,13666,13666,13666,13666,,,,,,,,,,,,,,,,,,,,,,,,,,,,,,,,,,,,,,,,,,,,,,,,,,,,,,,,,,,,,,,,,,,,,,,,
866,987,1099,1242,1404,1572,1792,2011,2261,2529,2856,3223,3630,4102,4529,4996,5511,6076,6665,7280,7962,8663,9416,10248,11131,12093,12529,12951,13363,13794,14220,14584,14886,15146,15390,15590,15778,15939,16076,16229,16331,16441,16532,16620,16697,16755,16821,16867,16925,16971,17004,17038,17064,17084,17100,17120,17150,17162,17183,17192,17197,17201,17209,17218,17221,17229,17231,17231,17233,17239,17241,17244,17245,17245,17246,17249,17250,17252,17255,17255,17255,17255,17256,17257,17257,17257,17257,17257,17257,17257,17257,17257,17257,17257,17257,17257,17257,17257,17257,17257,17257,17257,17257,17257,17257,17257,17257,17257,17257,17257,17257,,,,,,,,,,,,,,,,,,,,,,,,,,,,,,,,,,,,,,,,,,,,,,,,,,,,,,,,,,,,,,,,
1098,1272,1465,1697,1950,2250,2595,3008,3474,3954,4554,5220,5897,6730,7640,8250,8907,9589,10177,10793,11317,11784,12158,12507,12802,13076,13225,13398,13535,13658,13772,13870,13982,14069,14133,14188,14230,14286,14330,14368,14411,14438,14472,14495,14522,14533,14551,14563,14580,14592,14604,14618,14627,14631,14640,14644,14646,14651,14655,14658,14664,14669,14672,14675,14676,14678,14684,14685,14687,14688,14688,14690,14693,14694,14697,14699,14700,14702,14703,14703,14704,14704,14705,14709,14710,14710,14711,14711,14713,14713,14713,14713,14714,14714,14714,14714,14715,14715,14715,14715,14715,14715,14716,14716,14716,14716,14716,14716,14716,14716,14716,14717,14717,14717,14717,14717,14717,14717,14717,14717,14717,14717,14717,14717,14717,14717,,,,,,,,,,,,,,,,,,,,,,,,,,,,,,,,,,,,,,,,,,,,,,,,,
1041,1163,1317,1454,1623,1831,2032,2258,2513,2808,3107,3450,3775,4123,4472,4834,5245,5642,6056,6545,6987,7483,8010,8572,9123,9727,9950,10209,10469,10689,10903,11100,11272,11432,11591,11727,11852,11928,12020,12082,12142,12194,12250,12290,12337,12371,12405,12430,12450,12472,12491,12507,12520,12532,12540,12547,12557,12562,12567,12572,12577,12578,12580,12583,12584,12589,12590,12596,12600,12601,12602,12604,12605,12605,12607,12608,12608,12609,12609,12612,12612,12613,12613,12614,12614,12615,12615,12616,12616,12616,12616,12616,12616,12616,12616,12616,12616,12616,12616,12616,12616,12616,12616,12616,12616,12616,12616,12616,12616,12616,12616,12616,,,,,,,,,,,,,,,,,,,,,,,,,,,,,,,,,,,,,,,,,,,,,,,,,,,,,,,,,,,,,,,
924,1079,1259,1418,1653,1901,2219,2555,2913,3357,3857,4494,5145,5921,6802,7090,7385,7651,7983,8274,8559,8861,9109,9325,9488,9649,9906,10153,10347,10557,10699,10824,10929,11040,11129,11195,11277,11335,11389,11444,11495,11537,11579,11612,11641,11671,11696,11718,11733,11757,11765,11778,11787,11792,11799,11804,11808,11813,11813,11817,11819,11822,11824,11824,11827,11829,11830,11833,11835,11835,11836,11836,11836,11838,11838,11839,11839,11841,11841,11841,11841,11841,11841,11843,11843,11843,11843,11844,11844,11844,11844,11844,11844,11844,11844,11844,11844,11844,11844,11844,11844,11844,11844,11844,11844,11844,11844,11844,11844,11844,,,,,,,,,,,,,,,,,,,,,,,,,,,,,,,,,,,,,,,,,,,,,,,,,,,,,,,,,,,,,,,,,
716,810,930,1051,1203,1363,1536,1734,1943,2179,2445,2745,3055,3456,3901,4326,4805,5331,5903,6532,7177,7846,8634,9443,10343,11231,11573,11893,12279,12642,12962,13295,13610,13904,14151,14352,14539,14678,14835,14984,15101,15213,15303,15364,15419,15478,15533,15572,15616,15659,15676,15710,15736,15754,15780,15799,15815,15826,15836,15853,15863,15870,15878,15888,15889,15892,15900,15905,15907,15909,15912,15914,15916,15916,15917,15917,15918,15918,15918,15918,15918,15918,15919,15919,15919,15919,15919,15919,15919,15919,15919,15919,15919,15919,15919,15919,15919,15919,15919,15919,15919,15919,15919,15919,15919,,,,,,,,,,,,,,,,,,,,,,,,,,,,,,,,,,,,,,,,,,,,,,,,,,,,,,,,,,,,,,,,,,,,,,
698,831,998,1218,1462,1735,2030,2366,2730,3110,3557,4021,4565,5179,5848,6080,6325,6580,6827,7100,7381,7679,8010,8310,8632,8943,9286,9622,9925,10216,10466,10689,10887,11030,11177,11318,11441,11549,11643,11729,11804,11871,11930,11975,12018,12059,12099,12133,12161,12177,12193,12207,12227,12235,12244,12264,12276,12278,12279,12284,12293,12300,12304,12305,12311,12314,12318,12320,12320,12320,12324,12324,12325,12326,12327,12328,12329,12331,12331,12332,12332,12332,12332,12332,12332,12332,12332,12333,12334,12334,12335,12335,12335,12335,12335,12335,12335,12336,12336,12336,12336,12336,12336,12336,12336,12336,12336,12336,12336,12336,12336,12336,,,,,,,,,,,,,,,,,,,,,,,,,,,,,,,,,,,,,,,,,,,,,,,,,,,,,,,,,,,,,,,
817,907,1023,1139,1279,1422,1603,1820,2030,2266,2539,2843,3103,3361,3639,3978,4324,4705,5056,5429,5826,6226,6627,7106,7595,8118,8529,8979,9363,9711,10023,10314,10565,10808,11007,11175,11309,11445,11586,11688,11792,11865,11941,12025,12104,12158,12208,12250,12290,12320,12349,12380,12402,12418,12437,12453,12466,12482,12488,12497,12505,12515,12525,12530,12536,12545,12549,12554,12555,12558,12564,12568,12570,12572,12573,12573,12573,12573,12574,12575,12575,12575,12575,12575,12575,12575,12575,12575,12575,12575,12575,12575,12575,12575,12575,12575,12575,12575,12575,12575,12575,12575,,,,,,,,,,,,,,,,,,,,,,,,,,,,,,,,,,,,,,,,,,,,,,,,,,,,,,,,,,,,,,,,,,,,,,,,,
432,502,575,663,777,911,1075,1238,1455,1707,1961,2288,2676,3141,3679,4269,4828,5323,5999,6703,7489,8313,9228,10230,11315,12527,13347,14191,15010,15814,16504,17128,17681,18210,18648,19029,19349,19644,19925,20126,20344,20513,20648,20803,20926,21032,21120,21197,21272,21340,21400,21446,21493,21520,21542,21573,21592,21611,21631,21645,21658,21666,21681,21687,21700,21707,21714,21719,21725,21728,21731,21732,21736,21737,21740,21742,21743,21745,21749,21750,21751,21754,21754,21755,21756,21757,21757,21757,21759,21759,21759,21760,21760,21760,21761,21761,21761,21761,21761,21761,21761,21761,21761,21761,21761,21761,21761,21761,21761,21761,21761,21761,21761,21761,21761,21761,21761,21761,21761,21761,21761,,,,,,,,,,,,,,,,,,,,,,,,,,,,,,,,,,,,,,,,,,,,,,,,,,,,,,
894,1037,1209,1365,1592,1854,2133,2477,2888,3325,3842,4453,5173,6008,6906,7604,8313,9049,9799,10494,11150,11717,12279,12809,13282,13753,13949,14188,14376,14613,14800,14955,15116,15266,15401,15480,15585,15665,15742,15808,15861,15914,15950,15996,16033,16059,16085,16106,16130,16151,16166,16183,16198,16219,16232,16243,16254,16260,16270,16278,16283,16287,16291,16294,16297,16299,16307,16314,16315,16317,16319,16320,16321,16325,16326,16326,16326,16326,16327,16328,16329,16331,16332,16335,16335,16336,16336,16336,16336,16336,16336,16336,16336,16336,16336,16336,16336,16336,16336,16336,16336,16336,16336,16336,16336,16336,16336,16336,16336,16336,16336,16336,16336,16336,16336,16336,16336,,,,,,,,,,,,,,,,,,,,,,,,,,,,,,,,,,,,,,,,,,,,,,,,,,,,,,,,,,
748,850,967,1110,1291,1504,1759,2007,2306,2629,3025,3442,3980,4617,5306,5790,6297,6809,7358,7898,8429,9003,9543,10113,10586,11109,11455,11802,12109,12450,12723,12992,13224,13450,13640,13806,13943,14065,14193,14290,14383,14452,14535,14586,14643,14682,14723,14761,14793,14822,14852,14869,14893,14910,14931,14946,14955,14963,14968,14979,14987,14993,15000,15008,15010,15010,15014,15015,15017,15019,15019,15019,15022,15022,15023,15023,15024,15025,15025,15026,15027,15028,15028,15028,15028,15028,15029,15029,15029,15029,15029,15029,15029,15029,15029,15029,15029,15029,15029,15029,15029,15029,15029,15029,15029,15029,15029,15029,15029,15029,15029,15029,15029,15029,15029,,,,,,,,,,,,,,,,,,,,,,,,,,,,,,,,,,,,,,,,,,,,,,,,,,,,,,,,,,,,
1020,1173,1339,1546,1778,2019,2318,2658,3040,3494,4014,4565,5207,5991,6889,7517,8178,8797,9431,10032,10646,11207,11723,12187,12683,13078,13322,13540,13776,14001,14185,14358,14519,14648,14779,14914,15007,15096,15187,15249,15311,15365,15420,15458,15495,15533,15564,15580,15601,15624,15639,15654,15665,15676,15683,15692,15699,15705,15711,15714,15718,15723,15726,15730,15734,15736,15737,15738,15740,15741,15741,15743,15745,15745,15745,15746,15746,15746,15746,15746,15746,15746,15746,15746,15746,15746,15746,15746,15746,15746,15746,15746,15746,15746,15746,15746,,,,,,,,,,,,,,,,,,,,,,,,,,,,,,,,,,,,,,,,,,,,,,,,,,,,,,,,,,,,,,,,,,,,,,,,,,,,,,,
836,970,1081,1226,1377,1555,1760,1970,2192,2461,2748,3041,3304,3591,3892,4212,4548,4894,5249,5610,6023,6495,6931,7431,7886,8368,8800,9217,9614,9953,10272,10571,10844,11076,11308,11475,11634,11769,11893,11982,12072,12140,12223,12286,12348,12388,12425,12467,12497,12528,12563,12589,12608,12628,12645,12657,12676,12687,12697,12708,12719,12726,12731,12735,12739,12742,12747,12748,12749,12753,12754,12757,12758,12761,12764,12764,12765,12766,12766,12766,12767,12769,12769,12769,12769,12769,12769,12769,12769,12769,12769,12769,12769,12769,12769,12769,12769,12769,12769,12769,12769,12769,12769,12769,12769,12769,,,,,,,,,,,,,,,,,,,,,,,,,,,,,,,,,,,,,,,,,,,,,,,,,,,,,,,,,,,,,,,,,,,,,
691,795,895,1022,1155,1307,1498,1715,1932,2196,2476,2820,3222,3671,4143,4646,5226,5823,6474,7241,7997,8834,9741,10738,11827,13005,13394,13827,14266,14718,15132,15521,15918,16252,16497,16758,16977,17173,17331,17478,17637,17769,17870,17959,18038,18121,18196,18251,18315,18372,18416,18454,18497,18532,18560,18579,18605,18624,18641,18662,18678,18690,18699,18711,18719,18723,18729,18738,18744,18746,18750,18751,18753,18754,18756,18758,18758,18760,18763,18764,18766,18766,18766,18766,18766,18767,18767,18767,18767,18767,18767,18767,18767,18767,18767,18767,18767,18767,18767,18767,18767,18767,18767,18767,18767,18767,18767,,,,,,,,,,,,,,,,,,,,,,,,,,,,,,,,,,,,,,,,,,,,,,,,,,,,,,,,,,,,,,,,,,,,
794,920,1069,1229,1421,1621,1840,2114,2455,2851,3368,3979,4711,5596,6650,7898,8167,8501,8850,9233,9608,10031,10418,10786,11230,11655,12131,12593,12996,13382,13701,14004,14288,14518,14735,14935,15119,15284,15428,15567,15676,15789,15859,15946,16002,16049,16106,16145,16192,16228,16275,16298,16323,16344,16366,16383,16399,16412,16421,16432,16445,16459,16467,16470,16476,16479,16479,16484,16488,16494,16499,16501,16505,16508,16511,16512,16513,16515,16516,16520,16522,16522,16523,16523,16523,16524,16524,16525,16526,16526,16526,16526,16526,16526,16528,16528,16528,16528,16528,16528,16528,16528,16528,16528,16528,16528,16528,16528,16528,16528,16528,,,,,,,,,,,,,,,,,,,,,,,,,,,,,,,,,,,,,,,,,,,,,,,,,,,,,,,,,,,,,,,,
565,652,743,838,962,1093,1235,1415,1623,1861,2168,2480,2854,3283,3752,4310,4777,5341,5968,6697,7428,8226,9095,10023,11046,12159,12768,13351,13934,14517,15012,15502,15920,16330,16664,16971,17255,17499,17690,17887,18031,18170,18301,18420,18530,18625,18699,18777,18834,18874,18929,18979,19023,19049,19083,19110,19129,19153,19172,19183,19199,19208,19220,19231,19240,19251,19255,19263,19265,19269,19273,19275,19277,19278,19278,19281,19283,19284,19285,19288,19288,19289,19291,19291,19292,19293,19294,19294,19294,19295,19296,19296,19296,19296,19296,19297,19297,19297,19297,19297,19297,19297,19297,19298,19299,19299,19299,19299,19299,19299,19299,19299,19300,19300,19300,19300,19300,19300,19301,19301,19301,19301,19301,19301,19301,19301,19301,19301,19301,19301,19301,19301,19301,19301,19301,19301,19301,19301,19301,19301,19301,19301,19301,19301,19301,19301,,,,,,,,,,,,,,,,,,,,,,,,,,,,,
955,1118,1310,1492,1722,1970,2266,2570,2969,3427,3958,4582,5318,6151,6350,6558,6801,7079,7383,7696,8001,8286,8590,8861,9202,9511,9869,10208,10453,10741,10986,11198,11390,11560,11714,11831,11956,12057,12158,12236,12308,12378,12444,12493,12527,12557,12599,12623,12646,12675,12694,12706,12716,12729,12740,12747,12751,12755,12760,12764,12768,12770,12771,12772,12776,12777,12779,12781,12785,12785,12786,12788,12788,12788,12790,12790,12790,12790,12791,12792,12792,12792,12792,12792,12792,12792,12792,12792,12792,12792,12792,12792,12792,12792,12792,12792,12792,12792,12792,12792,12792,12792,12792,12792,12792,12792,12792,12792,12792,,,,,,,,,,,,,,,,,,,,,,,,,,,,,,,,,,,,,,,,,,,,,,,,,,,,,,,,,,,,,,,,,,
1246,1446,1655,1915,2196,2509,2876,3366,3878,4464,5136,5940,6814,7054,7343,7629,7912,8167,8424,8685,8907,9066,9210,9320,9410,9505,9656,9798,9920,10041,10131,10201,10252,10304,10363,10414,10458,10507,10540,10574,10605,10628,10647,10663,10677,10691,10699,10706,10717,10720,10726,10730,10734,10737,10739,10742,10745,10749,10750,10751,10751,10752,10754,10754,10754,10754,10754,10754,10754,10754,10754,10754,10754,10754,10754,10754,10754,10754,10754,10754,10754,10754,10754,10754,10754,10754,10754,10754,10754,,,,,,,,,,,,,,,,,,,,,,,,,,,,,,,,,,,,,,,,,,,,,,,,,,,,,,,,,,,,,,,,,,,,,,,,,,,,,,,,,,,,,,
1045,1198,1349,1560,1764,2044,2344,2662,2996,3441,3908,4507,5198,5932,6826,7397,8010,8665,9263,9857,10459,11014,11547,12051,12446,12844,13050,13250,13451,13647,13834,13984,14112,14238,14359,14454,14549,14622,14694,14757,14806,14851,14900,14937,14974,15002,15038,15060,15079,15101,15115,15136,15149,15163,15178,15189,15205,15214,15226,15236,15243,15252,15258,15263,15269,15277,15281,15283,15289,15293,15298,15301,15304,15309,15309,15313,15314,15316,15318,15319,15320,15322,15323,15324,15326,15329,15330,15331,15331,15332,15333,15333,15333,15333,15335,15336,15336,15337,15337,15337,15337,15337,15337,15337,15337,15337,15337,15337,15337,15337,15337,15337,15337,15337,15337,15337,15337,15337,15337,15337,15337,,,,,,,,,,,,,,,,,,,,,,,,,,,,,,,,,,,,,,,,,,,,,,,,,,,,,,
848,970,1112,1296,1512,1747,2012,2340,2686,3094,3583,4142,4759,5570,6469,7150,7832,8548,9201,9843,10467,11001,11503,11917,12305,12688,12867,13031,13203,13353,13515,13634,13760,13868,13977,14061,14133,14197,14254,14322,14365,14414,14456,14497,14522,14548,14574,14598,14613,14633,14650,14661,14671,14679,14685,14694,14703,14705,14710,14711,14715,14719,14721,14723,14728,14731,14732,14735,14735,14741,14741,14742,14745,14746,14746,14747,14749,14749,14750,14750,14751,14751,14751,14751,14751,14751,14751,14751,14751,14751,14751,14751,14751,14751,14751,14751,14751,14751,14751,14751,14751,14751,14751,14751,14751,14751,14751,,,,,,,,,,,,,,,,,,,,,,,,,,,,,,,,,,,,,,,,,,,,,,,,,,,,,,,,,,,,,,,,,,,,
922,1018,1132,1273,1413,1586,1789,1962,2187,2443,2715,3061,3337,3618,3911,4234,4629,4977,5351,5730,6160,6601,7018,7489,8013,8504,8937,9350,9748,10109,10459,10755,11005,11229,11442,11634,11780,11926,12046,12160,12262,12345,12418,12484,12541,12587,12627,12661,12701,12729,12770,12800,12828,12848,12862,12880,12888,12903,12913,12922,12933,12940,12946,12947,12954,12959,12963,12966,12970,12972,12976,12985,12988,12990,12991,12991,12994,12996,12999,13001,13002,13005,13006,13008,13008,13008,13009,13009,13009,13010,13011,13011,13012,13012,13013,13013,13013,13013,13013,13013,13013,13013,13013,13013,13013,13013,13013,13013,13013,13013,13013,13013,13013,13013,13013,13013,13013,13013,13013,13013,13013,13013,,,,,,,,,,,,,,,,,,,,,,,,,,,,,,,,,,,,,,,,,,,,,,,,,,,,,
555,634,727,818,943,1081,1226,1406,1620,1848,2112,2436,2773,3164,3612,3935,4310,4725,5176,5626,6098,6654,7197,7744,8319,8946,9596,10180,10745,11269,11692,12111,12463,12785,13085,13348,13572,13791,13972,14132,14274,14408,14518,14606,14697,14769,14832,14911,14970,15017,15066,15093,15122,15148,15164,15192,15209,15224,15233,15249,15258,15266,15278,15283,15287,15294,15297,15300,15306,15309,15309,15313,15314,15315,15319,15320,15320,15321,15322,15322,15322,15323,15324,15324,15324,15324,15324,15324,15324,15324,15324,15324,15324,15324,15324,15324,15324,15324,15324,15324,,,,,,,,,,,,,,,,,,,,,,,,,,,,,,,,,,,,,,,,,,,,,,,,,,,,,,,,,,,,,,,,,,,,,,,,,,,
730,819,933,1035,1152,1290,1466,1652,1853,2089,2353,2652,2984,3356,3805,4249,4720,5294,5953,6642,7413,8343,9320,10393,11651,13005,13544,14135,14727,15259,15769,16309,16748,17140,17494,17756,18021,18247,18467,18645,18805,18954,19066,19166,19262,19346,19420,19487,19543,19601,19652,19711,19757,19797,19823,19847,19861,19879,19902,19911,19928,19940,19948,19963,19968,19979,19984,19989,19993,19996,19999,20003,20009,20011,20013,20015,20017,20017,20019,20019,20019,20020,20021,20021,20021,20021,20022,20022,20022,20022,20022,20022,20022,20022,20022,20022,20022,20022,20022,20022,20022,20022,20022,20022,20022,20022,,,,,,,,,,,,,,,,,,,,,,,,,,,,,,,,,,,,,,,,,,,,,,,,,,,,,,,,,,,,,,,,,,,,,
1031,1205,1368,1584,1864,2165,2535,2938,3376,3881,4463,5175,5900,6801,7798,8925,9676,10516,11349,12121,12837,13442,13988,14436,14792,15084,15262,15418,15549,15674,15818,15945,16045,16145,16226,16306,16379,16441,16505,16563,16606,16638,16670,16702,16728,16746,16766,16782,16798,16807,16819,16829,16834,16836,16845,16852,16860,16865,16872,16875,16877,16880,16882,16883,16886,16889,16890,16892,16894,16894,16899,16900,16900,16901,16902,16903,16903,16905,16905,16905,16906,16908,16908,16908,16909,16910,16911,16912,16912,16912,16912,16912,16913,16913,16913,16913,16913,16913,16913,16913,16913,16913,16913,16913,16913,16913,,,,,,,,,,,,,,,,,,,,,,,,,,,,,,,,,,,,,,,,,,,,,,,,,,,,,,,,,,,,,,,,,,,,,
797,883,985,1121,1257,1402,1559,1746,1930,2203,2491,2804,3040,3274,3538,3818,4111,4431,4751,5099,5426,5816,6185,6534,6933,7337,7748,8163,8537,8916,9200,9511,9794,10026,10228,10397,10533,10669,10792,10881,10990,11073,11148,11219,11279,11335,11380,11431,11476,11501,11533,11556,11576,11600,11628,11648,11663,11678,11691,11704,11716,11724,11735,11740,11750,11755,11757,11760,11763,11764,11769,11773,11777,11777,11777,11780,11780,11780,11780,11781,11781,11782,11782,11782,11782,11782,11783,11783,11784,11784,11784,11785,11785,11785,11785,11785,11785,11786,11786,11786,11786,11786,11787,11787,11787,11787,11787,11787,11787,11787,11787,11787,11787,11787,11787,11787,11787,11787,11787,11787,11787,11787,11787,11787,11787,11787,11787,11787,11787,,,,,,,,,,,,,,,,,,,,,,,,,,,,,,,,,,,,,,,,,,,,,,
745,821,931,1036,1173,1320,1484,1645,1831,2041,2282,2569,2783,3054,3301,3564,3852,4168,4485,4824,5170,5519,5875,6262,6665,7116,7482,7776,8104,8399,8683,8920,9133,9347,9506,9666,9782,9894,9999,10074,10165,10239,10298,10352,10388,10423,10459,10496,10527,10556,10571,10587,10594,10606,10619,10624,10630,10636,10640,10646,10648,10650,10654,10656,10657,10657,10657,10658,10661,10661,10661,10663,10663,10663,10663,10663,10663,10663,10663,10663,10663,10663,10663,10663,10663,10663,10663,10663,10663,10663,10663,10663,10663,10663,10663,10663,10663,10663,,,,,,,,,,,,,,,,,,,,,,,,,,,,,,,,,,,,,,,,,,,,,,,,,,,,,,,,,,,,,,,,,,,,,,,,,,,,,
1046,1195,1385,1597,1847,2144,2500,2899,3354,3868,4427,5093,5851,6745,7268,7852,8454,8986,9484,9957,10319,10670,10960,11201,11407,11588,11716,11828,11926,11994,12075,12143,12207,12256,12301,12343,12390,12419,12446,12470,12497,12518,12540,12559,12572,12590,12596,12614,12623,12635,12641,12647,12656,12661,12666,12675,12676,12679,12682,12687,12691,12692,12697,12701,12701,12706,12707,12709,12712,12714,12716,12718,12718,12718,12720,12720,12722,12722,12724,12724,12726,12726,12726,12726,12727,12727,12727,12727,12728,12728,12728,12728,12728,12728,12728,12728,12729,12729,12729,12729,12729,12729,12729,12729,12729,12729,12729,12729,12729,12729,12729,,,,,,,,,,,,,,,,,,,,,,,,,,,,,,,,,,,,,,,,,,,,,,,,,,,,,,,,,,,,,,,,
424,505,597,684,798,961,1120,1283,1502,1765,2052,2372,2754,3193,3726,4266,4805,5418,6083,6806,7621,8506,9505,10598,11772,13022,13554,14108,14695,15262,15765,16262,16728,17150,17492,17795,18064,18298,18497,18697,18864,19022,19147,19250,19350,19435,19523,19604,19681,19738,19788,19832,19869,19901,19937,19958,19997,20014,20035,20056,20069,20085,20102,20114,20125,20132,20143,20152,20163,20167,20176,20181,20187,20189,20193,20195,20203,20207,20214,20217,20218,20223,20225,20226,20226,20227,20228,20229,20231,20231,20232,20233,20233,20234,20237,20239,20240,20241,20242,20244,20244,20244,20245,20246,20246,20246,20247,20249,20250,20250,20251,20252,20252,20253,20253,20255,20255,20255,20255,20258,20259,20260,20261,20261,20261,20263,20263,20263,20263,20264,20265,20265,20265,20267,20269,20269,20269,20269,20269,20270,20272,20272,20272,20272,20273,20273,20273,20273,20273,20273,20273,20273,20273,20273,20273,20273,20273,20273,20273,20273,20273,20273,20273,20273,,,,,,,,,,,
343,417,517,608,715,836,1012,1194,1415,1653,1927,2245,2685,3149,3724,4380,4976,5673,6518,7389,8392,9497,10663,11965,13405,14949,15486,16105,16751,17326,17899,18402,18913,19316,19678,20017,20313,20571,20778,20978,21145,21292,21434,21555,21657,21771,21859,21925,21985,22056,22114,22166,22211,22258,22285,22312,22337,22363,22382,22404,22426,22440,22448,22459,22471,22483,22492,22499,22506,22516,22518,22527,22532,22541,22544,22545,22551,22554,22558,22559,22560,22563,22564,22564,22564,22564,22565,22567,22567,22567,22567,22567,22567,22568,22568,22568,22568,22569,22569,22569,22569,22569,22569,22570,22570,22570,22570,22570,22570,22570,22570,22570,22570,22570,22570,22570,22570,22570,,,,,,,,,,,,,,,,,,,,,,,,,,,,,,,,,,,,,,,,,,,,,,,,,,,,,,,,,
759,868,1004,1160,1333,1540,1791,2077,2400,2767,3152,3640,4219,4852,5591,6467,7061,7806,8542,9283,9987,10701,11329,11936,12537,13186,13506,13810,14096,14376,14651,14885,15102,15280,15432,15586,15707,15813,15908,16002,16075,16135,16192,16245,16292,16324,16369,16404,16433,16457,16479,16497,16511,16523,16541,16551,16558,16565,16570,16580,16586,16589,16595,16604,16607,16609,16613,16615,16615,16619,16622,16623,16623,16623,16624,16625,16625,16626,16626,16626,16626,16626,16626,16626,16626,16626,16626,16627,16627,16627,16627,16627,16627,16627,16627,16627,16627,16627,,,,,,,,,,,,,,,,,,,,,,,,,,,,,,,,,,,,,,,,,,,,,,,,,,,,,,,,,,,,,,,,,,,,,,,,,,,,,
825,943,1125,1285,1510,1740,2011,2325,2729,3187,3691,4299,4920,5689,6534,7558,8250,9014,9783,10561,11284,11975,12645,13223,13771,14263,14521,14780,15039,15276,15501,15693,15833,15993,16141,16260,16366,16466,16541,16597,16660,16723,16780,16836,16887,16916,16947,16970,16989,17008,17033,17043,17062,17074,17084,17095,17102,17111,17119,17127,17134,17138,17143,17147,17150,17153,17156,17158,17158,17159,17159,17159,17159,17160,17161,17162,17162,17162,17163,17164,17164,17164,17164,17165,17165,17165,17165,17166,17166,17166,17166,17166,17166,17166,17167,17167,17167,17167,17167,17167,17167,17167,17167,17167,17167,17167,17167,17167,17167,,,,,,,,,,,,,,,,,,,,,,,,,,,,,,,,,,,,,,,,,,,,,,,,,,,,,,,,,,,,,,,,,,
969,1099,1267,1459,1641,1877,2149,2434,2735,3075,3469,3906,4383,4930,5156,5403,5731,6019,6313,6638,6975,7334,7721,8068,8465,8852,9259,9642,10003,10323,10620,10884,11128,11336,11544,11689,11833,11973,12074,12157,12244,12322,12401,12448,12511,12557,12601,12641,12670,12700,12727,12745,12768,12788,12809,12825,12840,12851,12867,12875,12886,12894,12900,12906,12913,12918,12922,12924,12930,12933,12936,12937,12940,12941,12946,12950,12952,12954,12954,12955,12957,12961,12961,12963,12965,12966,12969,12969,12969,12970,12970,12972,12972,12972,12972,12972,12972,12972,12972,12972,12972,12972,12972,12972,12972,12972,12972,12972,12972,12972,12972,12972,12972,12972,12972,12972,12972,12972,12972,12972,,,,,,,,,,,,,,,,,,,,,,,,,,,,,,,,,,,,,,,,,,,,,,,,,,,,,,,
612,697,789,899,1021,1161,1317,1502,1714,1955,2245,2571,2959,3424,3912,4521,5173,5914,6712,7625,8606,9696,10915,12281,13890,15643,16203,16818,17499,18139,18803,19395,19973,20441,20839,21196,21510,21779,22045,22269,22473,22647,22799,22932,23053,23158,23271,23347,23425,23507,23562,23616,23664,23713,23750,23787,23812,23838,23863,23886,23905,23928,23948,23960,23972,23986,24005,24018,24023,24027,24038,24044,24045,24051,24052,24053,24058,24059,24061,24064,24065,24066,24067,24069,24069,24069,24071,24071,24071,24071,24072,24072,24072,24072,24072,24072,24072,24072,24072,24072,24072,24072,24072,24072,24072,24072,24072,24072,24072,24072,24072,24072,24072,24072,24072,24072,24072,24072,,,,,,,,,,,,,,,,,,,,,,,,,,,,,,,,,,,,,,,,,,,,,,,,,,,,,,,,,
424,497,582,699,812,934,1107,1304,1505,1764,2042,2385,2778,3263,3808,4464,5068,5763,6497,7304,8197,9157,10238,11387,12660,14012,14481,14992,15558,16127,16611,17081,17514,17898,18232,18508,18758,18970,19163,19333,19480,19593,19706,19821,19909,20008,20074,20146,20197,20246,20293,20316,20346,20383,20405,20420,20437,20459,20481,20487,20496,20511,20518,20523,20530,20536,20539,20545,20548,20551,20553,20554,20558,20560,20560,20563,20566,20567,20567,20567,20567,20568,20569,20569,20569,20569,20569,20569,20569,20569,20569,20569,20569,20569,20569,20569,20569,20569,20569,20569,,,,,,,,,,,,,,,,,,,,,,,,,,,,,,,,,,,,,,,,,,,,,,,,,,,,,,,,,,,,,,,,,,,,,,,,,,,
998,1151,1318,1517,1743,1997,2322,2666,3091,3540,4057,4619,5301,6092,6986,7972,8589,9239,9939,10587,11138,11676,12079,12466,12803,13046,13223,13372,13512,13622,13743,13841,13929,14011,14079,14140,14202,14249,14277,14307,14337,14372,14397,14418,14440,14457,14478,14489,14503,14513,14525,14534,14543,14552,14558,14565,14570,14574,14581,14583,14588,14594,14597,14599,14600,14601,14602,14603,14604,14604,14604,14605,14607,14607,14607,14607,14607,14607,14607,14607,14608,14609,14609,14610,14611,14612,14612,14612,14612,14613,14613,14613,14613,14613,14613,14613,14613,14613,14613,14613,14613,14613,14613,14613,14613,14613,14613,14613,14613,14613,14613,14613,14613,14613,14613,14613,14613,,,,,,,,,,,,,,,,,,,,,,,,,,,,,,,,,,,,,,,,,,,,,,,,,,,,,,,,,,
718,814,920,1048,1191,1348,1519,1704,1930,2199,2471,2816,3140,3539,3898,4254,4631,5079,5581,6088,6626,7194,7748,8389,9073,9764,10316,10885,11441,11921,12379,12784,13150,13459,13724,13951,14159,14344,14495,14648,14797,14912,14999,15098,15183,15241,15299,15340,15391,15418,15453,15487,15512,15536,15556,15568,15585,15593,15600,15612,15630,15641,15646,15651,15663,15673,15676,15681,15685,15688,15690,15692,15693,15696,15698,15701,15701,15703,15704,15705,15705,15706,15706,15707,15708,15708,15708,15709,15709,15709,15710,15710,15711,15711,15711,15711,15711,15711,15711,15711,15711,15711,15711,15711,15711,15711,15711,15711,15711,,,,,,,,,,,,,,,,,,,,,,,,,,,,,,,,,,,,,,,,,,,,,,,,,,,,,,,,,,,,,,,,,,
912,1016,1133,1291,1446,1612,1802,2049,2303,2624,2980,3369,3639,3936,4242,4589,4966,5340,5764,6225,6685,7135,7586,8063,8596,9182,9636,10092,10503,10893,11282,11608,11905,12179,12433,12659,12824,12991,13137,13253,13373,13483,13574,13667,13740,13794,13857,13905,13952,13988,14022,14055,14087,14119,14136,14159,14181,14198,14212,14222,14232,14242,14249,14257,14265,14275,14279,14284,14286,14288,14293,14296,14302,14307,14307,14312,14314,14315,14317,14319,14320,14321,14323,14325,14325,14325,14325,14328,14328,14329,14330,14331,14331,14332,14333,14333,14334,14334,14334,14334,14334,14334,14334,14334,14334,14334,14334,14334,14334,14334,14334,14334,14334,,,,,,,,,,,,,,,,,,,,,,,,,,,,,,,,,,,,,,,,,,,,,,,,,,,,,,,,,,,,,,
425,489,566,651,756,871,1004,1188,1387,1590,1857,2139,2490,2899,3355,3850,4306,4802,5348,5996,6643,7388,8244,9146,10111,11142,11684,12292,12868,13399,13912,14359,14789,15171,15473,15721,15954,16136,16319,16485,16637,16746,16868,16967,17051,17122,17193,17253,17300,17347,17392,17432,17458,17474,17493,17512,17529,17548,17563,17573,17583,17590,17595,17605,17613,17619,17623,17625,17628,17631,17634,17635,17637,17642,17643,17644,17645,17646,17646,17646,17648,17648,17651,17651,17651,17651,17652,17652,17652,17652,17652,17652,17652,17652,17652,17652,17652,17652,17652,17652,17652,17652,17652,17652,,,,,,,,,,,,,,,,,,,,,,,,,,,,,,,,,,,,,,,,,,,,,,,,,,,,,,,,,,,,,,,,,,,,,,,
1897,2132,2404,2742,3108,3511,3973,4491,5099,5754,6474,7312,7875,8507,9077,9605,10059,10499,10854,11154,11402,11587,11740,11866,11953,12038,12112,12163,12212,12250,12290,12324,12360,12377,12405,12421,12444,12459,12473,12484,12500,12509,12518,12527,12536,12543,12548,12550,12553,12555,12562,12563,12564,12567,12568,12568,12569,12571,12571,12573,12575,12575,12575,12576,12576,12576,12576,12576,12576,12576,12577,12578,12578,12578,12578,12578,12578,12578,12578,12578,12578,12578,12578,12578,12578,12578,12578,12578,12578,12578,12578,12578,12578,12578,12578,12578,,,,,,,,,,,,,,,,,,,,,,,,,,,,,,,,,,,,,,,,,,,,,,,,,,,,,,,,,,,,,,,,,,,,,,,,,,,,,,,
748,843,943,1073,1183,1316,1497,1682,1908,2142,2415,2731,3102,3429,3754,4111,4506,4901,5367,5841,6341,6828,7381,7961,8616,9250,9799,10289,10760,11195,11583,11938,12240,12492,12706,12895,13073,13242,13388,13522,13635,13738,13812,13888,13952,14023,14076,14128,14173,14208,14237,14267,14288,14315,14328,14349,14365,14376,14393,14402,14406,14420,14431,14438,14444,14449,14454,14460,14465,14469,14471,14476,14479,14483,14486,14488,14489,14490,14493,14495,14496,14496,14496,14496,14497,14498,14498,14498,14498,14498,14498,14498,14498,14499,14499,14499,14499,14499,14499,14499,14499,14499,14499,14499,14499,14499,14499,14499,14499,14499,14499,14499,,,,,,,,,,,,,,,,,,,,,,,,,,,,,,,,,,,,,,,,,,,,,,,,,,,,,,,,,,,,,,,
403,467,569,661,760,885,1027,1181,1389,1639,1917,2204,2539,2954,3414,3960,4351,4820,5321,5826,6451,7131,7865,8642,9435,10358,11021,11674,12358,12949,13491,14018,14468,14835,15175,15482,15738,15962,16206,16391,16544,16697,16801,16926,17052,17131,17225,17297,17361,17424,17484,17523,17551,17581,17616,17644,17673,17688,17702,17713,17726,17739,17748,17759,17766,17776,17783,17793,17804,17807,17808,17813,17815,17817,17824,17828,17828,17833,17839,17840,17841,17845,17845,17845,17847,17848,17849,17851,17853,17853,17854,17855,17855,17855,17856,17856,17856,17856,17856,17856,17856,17856,17857,17857,17857,17857,17857,17857,17857,17857,17857,17857,17857,17857,17857,17857,17857,17857,17857,17857,17857,17857,17857,17857,17857,17857,17857,17857,17857,17857,17857,17857,,,,,,,,,,,,,,,,,,,,,,,,,,,,,,,,,,,,,,,,,,,
1165,1288,1411,1554,1706,1878,2044,2236,2477,2735,3039,3334,3644,3968,4346,4710,5115,5585,6030,6536,7057,7636,8211,8866,9538,10276,10529,10794,11102,11382,11654,11897,12109,12340,12516,12667,12800,12911,13028,13147,13224,13296,13355,13419,13475,13532,13570,13612,13643,13676,13699,13719,13731,13748,13759,13776,13784,13791,13799,13807,13811,13814,13818,13820,13823,13825,13827,13833,13834,13835,13838,13840,13841,13843,13844,13844,13846,13846,13847,13847,13847,13847,13848,13849,13849,13850,13850,13851,13851,13851,13851,13851,13851,13851,13851,13851,13851,13851,13851,13851,13851,13851,13851,13851,13851,13851,13851,13851,13851,13851,13851,,,,,,,,,,,,,,,,,,,,,,,,,,,,,,,,,,,,,,,,,,,,,,,,,,,,,,,,,,,,,,,,
495,574,644,735,845,981,1148,1309,1542,1762,2013,2350,2721,3121,3556,4109,4542,4975,5534,6087,6650,7242,7885,8565,9279,10014,10645,11223,11777,12275,12756,13184,13566,13911,14220,14487,14713,14928,15103,15269,15416,15529,15638,15726,15810,15888,15953,16018,16071,16126,16168,16209,16259,16286,16308,16329,16348,16362,16380,16394,16399,16410,16419,16429,16436,16440,16445,16451,16456,16460,16462,16462,16462,16464,16465,16466,16467,16468,16468,16468,16470,16470,16470,16470,16470,16470,16470,16471,16471,16471,16471,16471,16471,16471,16471,16471,16471,16471,16471,16471,16471,16471,16471,16471,,,,,,,,,,,,,,,,,,,,,,,,,,,,,,,,,,,,,,,,,,,,,,,,,,,,,,,,,,,,,,,,,,,,,,,
1580,1805,2028,2274,2575,2915,3310,3774,4342,4977,5837,6874,6991,7126,7256,7400,7500,7616,7710,7796,7870,7932,7975,8017,8047,8082,8168,8237,8294,8339,8374,8398,8419,8438,8455,8468,8484,8498,8507,8519,8528,8536,8543,8548,8553,8560,8567,8569,8569,8573,8576,8580,8581,8582,8584,8584,8585,8585,8586,8587,8587,8588,8588,8588,8588,8588,8589,8589,8589,8589,8589,8589,8589,8589,8589,8589,8589,8589,8589,8589,8589,,,,,,,,,,,,,,,,,,,,,,,,,,,,,,,,,,,,,,,,,,,,,,,,,,,,,,,,,,,,,,,,,,,,,,,,,,,,,,,,,,,,,,,,,,,,,,
993,1125,1297,1483,1718,1973,2262,2570,2964,3394,3891,4464,5108,5875,6414,6980,7505,8053,8609,9121,9653,10105,10534,10942,11316,11683,11871,12063,12257,12434,12598,12742,12863,12985,13094,13187,13255,13320,13369,13418,13460,13492,13540,13575,13603,13620,13651,13670,13694,13717,13735,13745,13757,13768,13779,13794,13802,13806,13812,13822,13830,13834,13838,13839,13844,13845,13847,13849,13850,13854,13857,13859,13861,13862,13865,13866,13866,13867,13868,13869,13872,13872,13873,13873,13873,13873,13873,13873,13873,13873,13873,13873,13873,13873,13873,13873,13873,13873,13873,13873,13873,13873,13873,,,,,,,,,,,,,,,,,,,,,,,,,,,,,,,,,,,,,,,,,,,,,,,,,,,,,,,,,,,,,,,,,,,,,,,,
